<?xml version="1.0"?>
<doc>
    <assembly>
        <name>Drivers.Compiler.MSBuildTask</name>
    </assembly>
    <members>
        <member name="T:Drivers.Compiler.MSBuildTask.BuildTask">
            <summary>
            The main compiler process for the MSBuild task interface.
            </summary>
        </member>
        <member name="M:Drivers.Compiler.MSBuildTask.BuildTask.Execute">
            <summary>
            Executes the compiler.
            </summary>
            <returns>True if the build task completes successfully. Otherwise, false.</returns>
        </member>
        <member name="M:Drivers.Compiler.MSBuildTask.BuildTask.Logger_OnLogError(System.String,System.String,System.Int32,System.String)">
            <summary>
            Logs an error message.
            </summary>
            <param name="errorCode">The error code.</param>
            <param name="file">The file associated with the error.</param>
            <param name="lineNumber">The line number in the file associated with the error.</param>
            <param name="message">The error message.</param>
        </member>
        <member name="M:Drivers.Compiler.MSBuildTask.BuildTask.Logger_OnLogWarning(System.String,System.String,System.Int32,System.String)">
            <summary>
            Logs an warning message.
            </summary>
            <param name="warningCode">The warning code.</param>
            <param name="file">The file associated with the warning.</param>
            <param name="lineNumber">The line number in the file associated with the warning.</param>
            <param name="message">The warning message.</param>
        </member>
        <member name="M:Drivers.Compiler.MSBuildTask.BuildTask.Logger_OnLogMessage(System.String,System.Int32,System.String)">
            <summary>
            Logs a message.
            </summary>
            <param name="file">The file associated with the message.</param>
            <param name="lineNumber">The line number in the file associated with the message.</param>
            <param name="message">The message.</param>
        </member>
        <member name="P:Drivers.Compiler.MSBuildTask.BuildTask.LibraryPath">
            <summary>
            The path to the library to compile.
            </summary>
            <value>Gets/sets an implicitly defined field.</value>
        </member>
        <member name="P:Drivers.Compiler.MSBuildTask.BuildTask.TargetArchitecture">
            <summary>
            The name of the target architecture.
            </summary>
            <value>Gets/sets an implicitly defined field.</value>
        </member>
        <member name="P:Drivers.Compiler.MSBuildTask.BuildTask.OutputPath">
            <summary>
            The path to the output folder.
            </summary>
            <value>Gets/sets an implicitly defined field.</value>
        </member>
        <member name="P:Drivers.Compiler.MSBuildTask.BuildTask.ToolsPath">
            <summary>
            The path to the compiler's tools folder.
            </summary>
            <value>Gets/sets an implicitly defined field.</value>
        </member>
        <member name="P:Drivers.Compiler.MSBuildTask.BuildTask.DebugBuild">
            <summary>
            Whether to perform a debug build or not.
            </summary>
            <value>Gets/sets an implicitly defined field.</value>
        </member>
        <member name="P:Drivers.Compiler.MSBuildTask.BuildTask.ISOLink">
            <summary>
            Whether to link to a .ISO file or not. (Otherwise it links to a .ELF and .A's)
            </summary>
            <value>Gets/sets an implicitly defined field.</value>
        </member>
    </members>
</doc>
