<?xml version="1.0"?>
<doc>
    <assembly>
        <name>Drivers.Compiler.App</name>
    </assembly>
    <members>
        <member name="T:Drivers.Compiler.App.CompilerProcess">
            <summary>
            The main compiler process for the command line app.
            </summary>
        </member>
        <member name="M:Drivers.Compiler.App.CompilerProcess.Main(System.String[])">
            <summary>
            The main entry point of the program.
            </summary>
            <param name="args">The arguments specified on the command line.</param>
            <returns>Returns an error code.</returns>
            <seealso cref="T:Drivers.Compiler.App.CompilerProcess.ErrorCode"/>
        </member>
        <member name="M:Drivers.Compiler.App.CompilerProcess.ValidateArguments(System.String[])">
            <summary>
            Validates the specified command line arguments.
            </summary>
            <param name="args">The arguments to validate.</param>
            <returns>True if the arguments appear to be valid, otherwise false.</returns>
        </member>
        <member name="M:Drivers.Compiler.App.CompilerProcess.Execute(Drivers.Compiler.Logger.LogMessageEventHandler,Drivers.Compiler.Logger.LogWarningEventHandler,Drivers.Compiler.Logger.LogErrorEventHandler)">
            <summary>
            Executes the Drivers Compiler using the specified logging methods.
            </summary>
            <param name="messageHandler">The handler for outputting ordinary messages.</param>
            <param name="warningHandler">The handler for outputting warning messages.</param>
            <param name="errorHandler">The handler for outputting error messages.</param>
            <returns>Returns an error code.</returns>
        </member>
        <member name="M:Drivers.Compiler.App.CompilerProcess.Logger_OnLogError(System.String,System.String,System.Int32,System.String)">
            <summary>
            Logs an error message.
            </summary>
            <param name="errorCode">The error code.</param>
            <param name="file">The file associated with the error.</param>
            <param name="lineNumber">The line number in the file associated with the error.</param>
            <param name="message">The error message.</param>
        </member>
        <member name="M:Drivers.Compiler.App.CompilerProcess.Logger_OnLogWarning(System.String,System.String,System.Int32,System.String)">
            <summary>
            Logs an warning message.
            </summary>
            <param name="warningCode">The warning code.</param>
            <param name="file">The file associated with the warning.</param>
            <param name="lineNumber">The line number in the file associated with the warning.</param>
            <param name="message">The warning message.</param>
        </member>
        <member name="M:Drivers.Compiler.App.CompilerProcess.Logger_OnLogMessage(System.String,System.Int32,System.String)">
            <summary>
            Logs a message.
            </summary>
            <param name="file">The file associated with the message.</param>
            <param name="lineNumber">The line number in the file associated with the message.</param>
            <param name="message">The message.</param>
        </member>
        <member name="T:Drivers.Compiler.App.CompilerProcess.ErrorCode">
            <summary>
            Summary error codes that can be returned by the Main method upon completion.
            </summary>
        </member>
        <member name="F:Drivers.Compiler.App.CompilerProcess.ErrorCode.NoError">
            <summary>
            Indicates no errors occurred during execution.
            </summary>
        </member>
        <member name="F:Drivers.Compiler.App.CompilerProcess.ErrorCode.InvalidOptions">
            <summary>
            Indicates one or more of the options specified on the command line are invalid.
            </summary>
        </member>
        <member name="F:Drivers.Compiler.App.CompilerProcess.ErrorCode.ILCompilerFailed">
            <summary>
            Indicates the IL compiler step failed.
            </summary>
        </member>
        <member name="F:Drivers.Compiler.App.CompilerProcess.ErrorCode.ASMCompilerFailed">
            <summary>
            Indicates the ASM compiler step failed.
            </summary>
        </member>
        <member name="F:Drivers.Compiler.App.CompilerProcess.ErrorCode.LinkerFailed">
            <summary>
            Indicates the linker step failed.
            </summary>
        </member>
    </members>
</doc>
