<?xml version="1.0"?>
<doc>
    <assembly>
        <name>Drivers.Compiler.Architectures.x86</name>
    </assembly>
    <members>
        <member name="M:Drivers.Compiler.Architectures.x86.ASMOps.ExternalLabel.Convert(Drivers.Compiler.ASM.ASMBlock)">
            <summary>
            Generates the line of assembly for the external label.
            </summary>
            <param name="theBlock">The block for which the comment is to be generated.</param>
            <returns>The complete line of assembly code.</returns>
        </member>
        <member name="M:Drivers.Compiler.Architectures.x86.ASMOps.GlobalLabel.Convert(Drivers.Compiler.ASM.ASMBlock)">
            <summary>
            Generates the line of assembly for the global label.
            </summary>
            <param name="theBlock">The block for which the comment is to be generated.</param>
            <returns>The complete line of assembly code.</returns>
        </member>
        <member name="F:Drivers.Compiler.Architectures.x86.ASMOps.Shr.Count">
            <summary>
            Optional. Cannot be used with Signed.
            Set to use Extended Shift (see http://en.wikibooks.org/wiki/X86_Assembly/Shift_and_Rotate#Extended_Shift_Instructions)
            </summary>
        </member>
        <member name="F:Drivers.Compiler.Architectures.x86.ASMOps.Shr.Signed">
            <summary>
            Optional. Cannot be used with Count.
            </summary>
        </member>
        <member name="F:Drivers.Compiler.Architectures.x86.ASMOps.Shl.Count">
            <summary>
            Optional. Set to use Extended Shift (see http://en.wikibooks.org/wiki/X86_Assembly/Shift_and_Rotate#Extended_Shift_Instructions)
            </summary>
        </member>
        <member name="F:Drivers.Compiler.Architectures.x86.ASMOps.Mul.Arg">
            <summary>
            Arg (which is Dest for signed mul with src/aux options).
            </summary>
        </member>
        <member name="F:Drivers.Compiler.Architectures.x86.ASMOps.Mul.Src">
            <summary>
            Optional (only available for signed mul)
            </summary>
        </member>
        <member name="F:Drivers.Compiler.Architectures.x86.ASMOps.Mul.Aux">
            <summary>
            Optional (only available for signed mul, requires Src)
            </summary>
        </member>
        <member name="M:Drivers.Compiler.Architectures.x86.ASMOps.Label.Convert(Drivers.Compiler.ASM.ASMBlock)">
            <summary>
            Generates the label itself (using the ASM block) and the line of assembly for the label.
            </summary>
            <param name="theBlock">The block for which the comment is to be generated.</param>
            <returns>The complete line of assembly code.</returns>
        </member>
        <member name="M:Drivers.Compiler.Architectures.x86.ASMOps.Comment.Convert(Drivers.Compiler.ASM.ASMBlock)">
            <summary>
            Generates the complete line of assembling using the Text field.
            </summary>
            <param name="theBlock">The block for which the comment is to be generated.</param>
            <returns>The complete line of assembly code.</returns>
        </member>
        <member name="M:Drivers.Compiler.Architectures.x86.ASMOps.ASMUtilities.GetAllocStringForSize(System.Int32)">
            <summary>
            Gets the allocation string for the specified number of bytes.
            </summary>
            <remarks>
            TODO: Shift this to target architecture library.
            </remarks>
            <param name="numBytes">The number of bytes being allocated.</param>
            <returns>The allocation string.</returns>
        </member>
        <member name="T:Drivers.Compiler.Architectures.x86.Add">
            <summary>
            See base class documentation.
            </summary>
        </member>
        <member name="M:Drivers.Compiler.Architectures.x86.Add.Convert(Drivers.Compiler.IL.ILConversionState,Drivers.Compiler.IL.ILOp)">
            <summary>
            See base class documentation.
            </summary>
            <returns>See base class documentation.</returns>
            <exception cref="T:System.NotSupportedException">
            Thrown if attempt to add a floating point number since floats are not supported yet.
            </exception>
            <exception cref="T:System.InvalidOperationException">
            Thrown if either stack argument is &lt; 4 bytes in size.
            </exception>
        </member>
        <member name="T:Drivers.Compiler.Architectures.x86.And">
            <summary>
            See base class documentation.
            </summary>
        </member>
        <member name="M:Drivers.Compiler.Architectures.x86.And.Convert(Drivers.Compiler.IL.ILConversionState,Drivers.Compiler.IL.ILOp)">
            <summary>
            See base class documentation.
            </summary>
            <returns>See base class documentation.</returns>
            <exception cref="T:System.NotSupportedException">
            Thrown if either or both values to 'or' are floating point values.
            </exception>
            <exception cref="T:System.InvalidOperationException">
            Thrown if either or both values to multiply are not 4 or 8 bytes
            in size or if the values are of different size.
            </exception>
        </member>
        <member name="T:Drivers.Compiler.Architectures.x86.Br">
            <summary>
            See base class documentation.
            </summary>
        </member>
        <member name="M:Drivers.Compiler.Architectures.x86.Br.Convert(Drivers.Compiler.IL.ILConversionState,Drivers.Compiler.IL.ILOp)">
            <summary>
            See base class documentation.
            </summary>
            <param name="theOp">See base class documentation.</param>
            <param name="conversionState">See base class documentation.</param>
            <returns>See base class documentation.</returns>
            <exception cref="T:System.NotSupportedException">
            Thrown if branch test operand value is a floating point value.
            </exception>
        </member>
        <member name="T:Drivers.Compiler.Architectures.x86.Call">
            <summary>
            See base class documentation.
            </summary>
        </member>
        <member name="M:Drivers.Compiler.Architectures.x86.Call.Convert(Drivers.Compiler.IL.ILConversionState,Drivers.Compiler.IL.ILOp)">
            <summary>
            See base class documentation.
            </summary>
            <param name="theOp">See base class documentation.</param>
            <param name="conversionState">See base class documentation.</param>
            <returns>See base class documentation.</returns>
            <exception cref="T:System.NotSupportedException">
            Thrown if any argument or the return value is a floating point number.
            </exception>
        </member>
        <member name="T:Drivers.Compiler.Architectures.x86.Callvirt">
            <summary>
            See base class documentation.
            </summary>
        </member>
        <member name="M:Drivers.Compiler.Architectures.x86.Callvirt.Convert(Drivers.Compiler.IL.ILConversionState,Drivers.Compiler.IL.ILOp)">
            <summary>
            See base class documentation.
            </summary>
            <param name="theOp">See base class documentation.</param>
            <param name="conversionState">See base class documentation.</param>
            <returns>See base class documentation.</returns>
            <exception cref="T:System.NotSupportedException">
            Thrown if any argument or the return value is a floating point number.
            </exception>
        </member>
        <member name="T:Drivers.Compiler.Architectures.x86.Ceq">
            <summary>
            See base class documentation.
            </summary>
        </member>
        <member name="M:Drivers.Compiler.Architectures.x86.Ceq.Convert(Drivers.Compiler.IL.ILConversionState,Drivers.Compiler.IL.ILOp)">
            <summary>
            See base class documentation.
            </summary>
            <param name="theOp">See base class documentation.</param>
            <param name="conversionState">See base class documentation.</param>
            <returns>See base class documentation.</returns>
            <exception cref="T:System.NotSupportedException">
            Thrown if compare operands are floating point numbers or if either value is &lt; 4 bytes in length or
            operands are not of the same size.
            </exception>
        </member>
        <member name="T:Drivers.Compiler.Architectures.x86.Cgt">
            <summary>
            See base class documentation.
            </summary>
        </member>
        <member name="M:Drivers.Compiler.Architectures.x86.Cgt.Convert(Drivers.Compiler.IL.ILConversionState,Drivers.Compiler.IL.ILOp)">
            <summary>
            See base class documentation.
            </summary>
            <param name="theOp">See base class documentation.</param>
            <param name="conversionState">See base class documentation.</param>
            <returns>See base class documentation.</returns>
            <exception cref="T:System.NotSupportedException">
            Thrown if compare operands are floating point numbers or if either value is &lt; 4 bytes in length or
            operands are not of the same size.
            </exception>
        </member>
        <member name="T:Drivers.Compiler.Architectures.x86.Clt">
            <summary>
            See base class documentation.
            </summary>
        </member>
        <member name="M:Drivers.Compiler.Architectures.x86.Clt.Convert(Drivers.Compiler.IL.ILConversionState,Drivers.Compiler.IL.ILOp)">
            <summary>
            See base class documentation.
            </summary>
            <param name="theOp">See base class documentation.</param>
            <param name="conversionState">See base class documentation.</param>
            <returns>See base class documentation.</returns>
            <exception cref="T:System.NotSupportedException">
            Thrown if compare operands are floating point numbers or if either value is &lt; 4 bytes in length or
            operands are not of the same size.
            </exception>
        </member>
        <member name="T:Drivers.Compiler.Architectures.x86.Convi">
            <summary>
            See base class documentation.
            </summary>
        </member>
        <member name="M:Drivers.Compiler.Architectures.x86.Convi.Convert(Drivers.Compiler.IL.ILConversionState,Drivers.Compiler.IL.ILOp)">
            <summary>
            See base class documentation.
            </summary>
            <param name="theOp">See base class documentation.</param>
            <param name="conversionState">See base class documentation.</param>
            <returns>See base class documentation.</returns>
        </member>
        <member name="T:Drivers.Compiler.Architectures.x86.Convu">
            <summary>
            See base class documentation.
            </summary>
        </member>
        <member name="M:Drivers.Compiler.Architectures.x86.Convu.Convert(Drivers.Compiler.IL.ILConversionState,Drivers.Compiler.IL.ILOp)">
            <summary>
            See base class documentation.
            </summary>
            <param name="theOp">See base class documentation.</param>
            <param name="conversionState">See base class documentation.</param>
            <returns>See base class documentation.</returns>
        </member>
        <member name="T:Drivers.Compiler.Architectures.x86.Div">
            <summary>
            See base class documentation.
            </summary>
        </member>
        <member name="M:Drivers.Compiler.Architectures.x86.Div.Convert(Drivers.Compiler.IL.ILConversionState,Drivers.Compiler.IL.ILOp)">
            <summary>
            See base class documentation.
            </summary>
            <param name="theOp">See base class documentation.</param>
            <param name="conversionState">See base class documentation.</param>
            <returns>See base class documentation.</returns>
            <exception cref="T:System.NotSupportedException">
            Thrown if divide operands are floating point numbers or if attempting to divide 64-bit numbers.
            </exception>
            <exception cref="T:System.InvalidOperationException">
            Thrown if either operand is &lt; 4 bytes long.
            </exception>
        </member>
        <member name="T:Drivers.Compiler.Architectures.x86.Neg">
            <summary>
            See base class documentation.
            </summary>
        </member>
        <member name="M:Drivers.Compiler.Architectures.x86.Neg.Convert(Drivers.Compiler.IL.ILConversionState,Drivers.Compiler.IL.ILOp)">
            <summary>
            See base class documentation.
            </summary>
            <param name="theOp">See base class documentation.</param>
            <param name="conversionState">See base class documentation.</param>
            <returns>See base class documentation.</returns>
            <exception cref="T:System.NotSupportedException">
            If either value is &lt; 4 bytes in length or
            operands are not of the same size.
            </exception>
        </member>
        <member name="T:Drivers.Compiler.Architectures.x86.Dup">
            <summary>
            See base class documentation.
            </summary>
        </member>
        <member name="M:Drivers.Compiler.Architectures.x86.Dup.Convert(Drivers.Compiler.IL.ILConversionState,Drivers.Compiler.IL.ILOp)">
            <summary>
            See base class documentation.
            </summary>
            <param name="theOp">See base class documentation.</param>
            <param name="conversionState">See base class documentation.</param>
            <returns>See base class documentation.</returns>
            <exception cref="T:System.NotSupportedException">
            If either value is &lt; 4 bytes in length or
            operands are not of the same size.
            </exception>
        </member>
        <member name="T:Drivers.Compiler.Architectures.x86.Initobj">
            <summary>
            See base class documentation.
            </summary>
        </member>
        <member name="M:Drivers.Compiler.Architectures.x86.Initobj.Convert(Drivers.Compiler.IL.ILConversionState,Drivers.Compiler.IL.ILOp)">
            <summary>
            See base class documentation.
            </summary>
            <param name="theOp">See base class documentation.</param>
            <param name="conversionState">See base class documentation.</param>
            <returns>See base class documentation.</returns>
        </member>
        <member name="T:Drivers.Compiler.Architectures.x86.Isinst">
            <summary>
            See base class documentation.
            </summary>
        </member>
        <member name="M:Drivers.Compiler.Architectures.x86.Isinst.Convert(Drivers.Compiler.IL.ILConversionState,Drivers.Compiler.IL.ILOp)">
            <summary>
            See base class documentation.
            </summary>
            <param name="theOp">See base class documentation.</param>
            <param name="conversionState">See base class documentation.</param>
            <returns>See base class documentation.</returns>
        </member>
        <member name="T:Drivers.Compiler.Architectures.x86.Ldarg">
            <summary>
            See base class documentation.
            </summary>
        </member>
        <member name="M:Drivers.Compiler.Architectures.x86.Ldarg.Convert(Drivers.Compiler.IL.ILConversionState,Drivers.Compiler.IL.ILOp)">
            <summary>
            See base class documentation.
            <para>To Do's:</para>
            <list type="bullet">
            <item>
            <term>To do</term>
            <description>Implement loading of float arguments.</description>
            </item>
            </list>
            </summary>
            <param name="theOp">See base class documentation.</param>
            <param name="conversionState">See base class documentation.</param>
            <returns>See base class documentation.</returns>
            <exception cref="T:System.NotSupportedException">
            Thrown when loading a float argument is required as it currently hasn't been
            implemented.
            </exception>
            <exception cref="T:System.ArgumentException">
            Thrown when an invalid number of bytes is specified for the argument to load.
            </exception>
        </member>
        <member name="T:Drivers.Compiler.Architectures.x86.Ldc">
            <summary>
            See base class documentation.
            </summary>
        </member>
        <member name="M:Drivers.Compiler.Architectures.x86.Ldc.Convert(Drivers.Compiler.IL.ILConversionState,Drivers.Compiler.IL.ILOp)">
            <summary>
            See base class documentation.
            </summary>
            <param name="theOp">See base class documentation.</param>
            <param name="conversionState">See base class documentation.</param>
            <returns>See base class documentation.</returns>
            <exception cref="T:System.NotSupportedException">
            Thrown if constant is a floating point number.
            </exception>
        </member>
        <member name="T:Drivers.Compiler.Architectures.x86.Ldelem">
            <summary>
            See base class documentation.
            </summary>
        </member>
        <member name="M:Drivers.Compiler.Architectures.x86.Ldelem.Convert(Drivers.Compiler.IL.ILConversionState,Drivers.Compiler.IL.ILOp)">
            <summary>
            See base class documentation.
            </summary>
            <param name="theOp">See base class documentation.</param>
            <param name="conversionState">See base class documentation.</param>
            <returns>See base class documentation.</returns>
            <exception cref="T:System.NotSupportedException">
            Thrown if constant is a floating point number.
            </exception>
        </member>
        <member name="T:Drivers.Compiler.Architectures.x86.Ldfld">
            <summary>
            See base class documentation.
            </summary>
        </member>
        <member name="M:Drivers.Compiler.Architectures.x86.Ldfld.Convert(Drivers.Compiler.IL.ILConversionState,Drivers.Compiler.IL.ILOp)">
            <summary>
            See base class documentation.
            </summary>
            <param name="theOp">See base class documentation.</param>
            <param name="conversionState">See base class documentation.</param>
            <returns>See base class documentation.</returns>
            <exception cref="T:System.NotSupportedException">
            Thrown if field to load is a floating value or the field to load
            is not of size 4 or 8 bytes.
            </exception>
        </member>
        <member name="T:Drivers.Compiler.Architectures.x86.Ldftn">
            <summary>
            See base class documentation.
            </summary>
        </member>
        <member name="M:Drivers.Compiler.Architectures.x86.Ldftn.Convert(Drivers.Compiler.IL.ILConversionState,Drivers.Compiler.IL.ILOp)">
            <summary>
            See base class documentation.
            </summary>
            <param name="theOp">See base class documentation.</param>
            <param name="conversionState">See base class documentation.</param>
            <returns>See base class documentation.</returns>
        </member>
        <member name="T:Drivers.Compiler.Architectures.x86.Ldind">
            <summary>
            See base class documentation.
            </summary>
        </member>
        <member name="M:Drivers.Compiler.Architectures.x86.Ldind.Convert(Drivers.Compiler.IL.ILConversionState,Drivers.Compiler.IL.ILOp)">
            <summary>
            See base class documentation.
            </summary>
            <param name="theOp">See base class documentation.</param>
            <param name="conversionState">See base class documentation.</param>
            <returns>See base class documentation.</returns>
        </member>
        <member name="T:Drivers.Compiler.Architectures.x86.Ldlen">
            <summary>
            See base class documentation.
            </summary>
        </member>
        <member name="M:Drivers.Compiler.Architectures.x86.Ldlen.Convert(Drivers.Compiler.IL.ILConversionState,Drivers.Compiler.IL.ILOp)">
            <summary>
            See base class documentation.
            </summary>
            <param name="theOp">See base class documentation.</param>
            <param name="conversionState">See base class documentation.</param>
            <returns>See base class documentation.</returns>
            <exception cref="T:System.NotSupportedException">
            Thrown if field to load is a floating value or the field to load
            is not of size 4 or 8 bytes.
            </exception>
        </member>
        <member name="T:Drivers.Compiler.Architectures.x86.Ldloc">
            <summary>
            See base class documentation.
            </summary>
        </member>
        <member name="M:Drivers.Compiler.Architectures.x86.Ldloc.Convert(Drivers.Compiler.IL.ILConversionState,Drivers.Compiler.IL.ILOp)">
            <summary>
            See base class documentation.
            </summary>
            <param name="theOp">See base class documentation.</param>
            <param name="conversionState">See base class documentation.</param>
            <returns>See base class documentation.</returns>
            <exception cref="T:System.NotSupportedException">
            Thrown when loading a float local is required as it currently hasn't been
            implemented.
            Also thrown if arguments are not of size 4 or 8 bytes.
            </exception>
        </member>
        <member name="T:Drivers.Compiler.Architectures.x86.Ldnull">
            <summary>
            See base class documentation.
            </summary>
        </member>
        <member name="M:Drivers.Compiler.Architectures.x86.Ldnull.Convert(Drivers.Compiler.IL.ILConversionState,Drivers.Compiler.IL.ILOp)">
            <summary>
            See base class documentation.
            </summary>
            <param name="theOp">See base class documentation.</param>
            <param name="conversionState">See base class documentation.</param>
            <returns>See base class documentation.</returns>
        </member>
        <member name="T:Drivers.Compiler.Architectures.x86.Ldobj">
            <summary>
            See base class documentation.
            </summary>
        </member>
        <member name="M:Drivers.Compiler.Architectures.x86.Ldobj.Convert(Drivers.Compiler.IL.ILConversionState,Drivers.Compiler.IL.ILOp)">
            <summary>
            See base class documentation.
            </summary>
            <param name="theOp">See base class documentation.</param>
            <param name="conversionState">See base class documentation.</param>
            <returns>See base class documentation.</returns>
            <exception cref="T:System.NotSupportedException">
            Thrown when loading a static float field.
            </exception>
        </member>
        <member name="T:Drivers.Compiler.Architectures.x86.Ldsfld">
            <summary>
            See base class documentation.
            </summary>
        </member>
        <member name="M:Drivers.Compiler.Architectures.x86.Ldsfld.Convert(Drivers.Compiler.IL.ILConversionState,Drivers.Compiler.IL.ILOp)">
            <summary>
            See base class documentation.
            </summary>
            <param name="theOp">See base class documentation.</param>
            <param name="conversionState">See base class documentation.</param>
            <returns>See base class documentation.</returns>
            <exception cref="T:System.NotSupportedException">
            Thrown when loading a static float field.
            </exception>
        </member>
        <member name="T:Drivers.Compiler.Architectures.x86.Ldstr">
            <summary>
            See base class documentation.
            </summary>
        </member>
        <member name="M:Drivers.Compiler.Architectures.x86.Ldstr.Convert(Drivers.Compiler.IL.ILConversionState,Drivers.Compiler.IL.ILOp)">
            <summary>
            See base class documentation.
            </summary>
            <param name="theOp">See base class documentation.</param>
            <param name="conversionState">See base class documentation.</param>
            <returns>See base class documentation.</returns>
        </member>
        <member name="T:Drivers.Compiler.Architectures.x86.Ldtoken">
            <summary>
            See base class documentation.
            </summary>
        </member>
        <member name="M:Drivers.Compiler.Architectures.x86.Ldtoken.Convert(Drivers.Compiler.IL.ILConversionState,Drivers.Compiler.IL.ILOp)">
            <summary>
            See base class documentation.
            </summary>
            <param name="theOp">See base class documentation.</param>
            <param name="conversionState">See base class documentation.</param>
            <returns>See base class documentation.</returns>
            <exception cref="T:System.NotSupportedException">
            Thrown when the metadata token is not for method metadata.
            </exception>
        </member>
        <member name="T:Drivers.Compiler.Architectures.x86.MethodEnd">
            <summary>
            See base class documentation.
            </summary>
        </member>
        <member name="M:Drivers.Compiler.Architectures.x86.MethodEnd.Convert(Drivers.Compiler.IL.ILConversionState,Drivers.Compiler.IL.ILOp)">
            <summary>
            See base class documentation.
            </summary>
            <param name="theOp">See base class documentation.</param>
            <param name="conversionState">See base class documentation.</param>
            <returns>See base class documentation.</returns>
            <exception cref="T:System.NotSupportedException">
            Thrown when the return value is a float or the size on the stack
            in bytes is not 4 or 8 bytes.
            </exception>
        </member>
        <member name="T:Drivers.Compiler.Architectures.x86.MethodStart">
            <summary>
            See base class documentation.
            </summary>
        </member>
        <member name="M:Drivers.Compiler.Architectures.x86.MethodStart.Convert(Drivers.Compiler.IL.ILConversionState,Drivers.Compiler.IL.ILOp)">
            <summary>
            See base class documentation.
            </summary>
            <param name="theOp">See base class documentation.</param>
            <param name="conversionState">See base class documentation.</param>
            <returns>See base class documentation.</returns>
        </member>
        <member name="T:Drivers.Compiler.Architectures.x86.Mul">
            <summary>
            See base class documentation.
            </summary>
        </member>
        <member name="M:Drivers.Compiler.Architectures.x86.Mul.Convert(Drivers.Compiler.IL.ILConversionState,Drivers.Compiler.IL.ILOp)">
            <summary>
            See base class documentation.
            </summary>
            <param name="theOp">See base class documentation.</param>
            <param name="conversionState">See base class documentation.</param>
            <returns>See base class documentation.</returns>
            <exception cref="T:System.NotSupportedException">
            Thrown if either or both values to multiply are floating point values or
            if the values are 8 bytes in size.
            </exception>
            <exception cref="T:System.InvalidOperationException">
            Thrown if either or both values to multiply are not 4 or 8 bytes
            in size or if the values are of different size.
            </exception>
        </member>
        <member name="T:Drivers.Compiler.Architectures.x86.Newarr">
            <summary>
            See base class documentation.
            </summary>
        </member>
        <member name="M:Drivers.Compiler.Architectures.x86.Newarr.Convert(Drivers.Compiler.IL.ILConversionState,Drivers.Compiler.IL.ILOp)">
            <summary>
            See base class documentation.
            </summary>
            <param name="theOp">See base class documentation.</param>
            <param name="conversionState">See base class documentation.</param>
            <returns>See base class documentation.</returns>
        </member>
        <member name="T:Drivers.Compiler.Architectures.x86.Newobj">
            <summary>
            See base class documentation.
            </summary>
        </member>
        <member name="M:Drivers.Compiler.Architectures.x86.Newobj.Convert(Drivers.Compiler.IL.ILConversionState,Drivers.Compiler.IL.ILOp)">
            <summary>
            See base class documentation.
            </summary>
            <param name="theOp">See base class documentation.</param>
            <param name="conversionState">See base class documentation.</param>
            <returns>See base class documentation.</returns>
        </member>
        <member name="T:Drivers.Compiler.Architectures.x86.Nop">
            <summary>
            See base class documentation.
            </summary>
        </member>
        <member name="M:Drivers.Compiler.Architectures.x86.Nop.Convert(Drivers.Compiler.IL.ILConversionState,Drivers.Compiler.IL.ILOp)">
            <summary>
            See base class documentation.
            </summary>
            <param name="theOp">See base class documentation.</param>
            <param name="conversionState">See base class documentation.</param>
            <returns>See base class documentation.</returns>
        </member>
        <member name="T:Drivers.Compiler.Architectures.x86.Not">
            <summary>
            See base class documentation.
            </summary>
        </member>
        <member name="M:Drivers.Compiler.Architectures.x86.Not.Convert(Drivers.Compiler.IL.ILConversionState,Drivers.Compiler.IL.ILOp)">
            <summary>
            See base class documentation.
            </summary>
            <param name="theOp">See base class documentation.</param>
            <param name="conversionState">See base class documentation.</param>
            <returns>See base class documentation.</returns>
            <exception cref="T:System.NotSupportedException">
            Thrown if either or both values to shift left are floating point values or
            if the values are 8 bytes in size.
            </exception>
            <exception cref="T:System.InvalidOperationException">
            Thrown if either or both values to multiply are not 4 or 8 bytes
            in size or if the values are of different size.
            </exception>
        </member>
        <member name="T:Drivers.Compiler.Architectures.x86.Or">
            <summary>
            See base class documentation.
            </summary>
        </member>
        <member name="M:Drivers.Compiler.Architectures.x86.Or.Convert(Drivers.Compiler.IL.ILConversionState,Drivers.Compiler.IL.ILOp)">
            <summary>
            See base class documentation.
            </summary>
            <param name="theOp">See base class documentation.</param>
            <param name="conversionState">See base class documentation.</param>
            <returns>See base class documentation.</returns>
            <exception cref="T:System.NotSupportedException">
            Thrown if either or both values to 'or' are floating point values.
            </exception>
            <exception cref="T:System.InvalidOperationException">
            Thrown if either or both values to multiply are not 4 or 8 bytes
            in size or if the values are of different size.
            </exception>
        </member>
        <member name="T:Drivers.Compiler.Architectures.x86.Pop">
            <summary>
            See base class documentation.
            </summary>
        </member>
        <member name="M:Drivers.Compiler.Architectures.x86.Pop.Convert(Drivers.Compiler.IL.ILConversionState,Drivers.Compiler.IL.ILOp)">
            <summary>
            See base class documentation.
            </summary>
            <param name="theOp">See base class documentation.</param>
            <param name="conversionState">See base class documentation.</param>
            <returns>See base class documentation.</returns>
        </member>
        <member name="T:Drivers.Compiler.Architectures.x86.Rem">
            <summary>
            See base class documentation.
            </summary>
        </member>
        <member name="M:Drivers.Compiler.Architectures.x86.Rem.Convert(Drivers.Compiler.IL.ILConversionState,Drivers.Compiler.IL.ILOp)">
            <summary>
            See base class documentation.
            </summary>
            <param name="theOp">See base class documentation.</param>
            <param name="conversionState">See base class documentation.</param>
            <returns>See base class documentation.</returns>
            <exception cref="T:System.NotSupportedException">
            Thrown if divide operands are floating point numbers or if attempting to divide 64-bit numbers.
            </exception>
            <exception cref="T:System.InvalidOperationException">
            Thrown if either operand is &lt; 4 bytes long.
            </exception>
        </member>
        <member name="T:Drivers.Compiler.Architectures.x86.Ret">
            <summary>
            See base class documentation.
            </summary>
        </member>
        <member name="M:Drivers.Compiler.Architectures.x86.Ret.Convert(Drivers.Compiler.IL.ILConversionState,Drivers.Compiler.IL.ILOp)">
            <summary>
            See base class documentation.
            </summary>
            <param name="theOp">See base class documentation.</param>
            <param name="conversionState">See base class documentation.</param>
            <returns>See base class documentation.</returns>
        </member>
        <member name="T:Drivers.Compiler.Architectures.x86.Shl">
            <summary>
            See base class documentation.
            </summary>
        </member>
        <member name="M:Drivers.Compiler.Architectures.x86.Shl.Convert(Drivers.Compiler.IL.ILConversionState,Drivers.Compiler.IL.ILOp)">
            <summary>
            See base class documentation.
            </summary>
            <param name="theOp">See base class documentation.</param>
            <param name="conversionState">See base class documentation.</param>
            <returns>See base class documentation.</returns>
            <exception cref="T:System.NotSupportedException">
            Thrown if either or both values to shift left are floating point values or
            if the values are 8 bytes in size.
            </exception>
            <exception cref="T:System.InvalidOperationException">
            Thrown if either or both values to multiply are not 4 or 8 bytes
            in size or if the values are of different size.
            </exception>
        </member>
        <member name="T:Drivers.Compiler.Architectures.x86.Shr">
            <summary>
            See base class documentation.
            </summary>
        </member>
        <member name="M:Drivers.Compiler.Architectures.x86.Shr.Convert(Drivers.Compiler.IL.ILConversionState,Drivers.Compiler.IL.ILOp)">
            <summary>
            See base class documentation.
            </summary>
            <param name="theOp">See base class documentation.</param>
            <param name="conversionState">See base class documentation.</param>
            <returns>See base class documentation.</returns>
            <exception cref="T:System.NotSupportedException">
            Thrown if either or both values to shift left are floating point values or
            if the values are 8 bytes in size.
            </exception>
            <exception cref="T:System.InvalidOperationException">
            Thrown if either or both values to multiply are not 4 or 8 bytes
            in size or if the values are of different size.
            </exception>
        </member>
        <member name="T:Drivers.Compiler.Architectures.x86.Sizeof">
            <summary>
            See base class documentation.
            </summary>
        </member>
        <member name="M:Drivers.Compiler.Architectures.x86.Sizeof.Convert(Drivers.Compiler.IL.ILConversionState,Drivers.Compiler.IL.ILOp)">
            <summary>
            See base class documentation.
            </summary>
            <param name="theOp">See base class documentation.</param>
            <param name="conversionState">See base class documentation.</param>
            <returns>See base class documentation.</returns>
        </member>
        <member name="T:Drivers.Compiler.Architectures.x86.StackSwitch">
            <summary>
            See base class documentation.
            </summary>
        </member>
        <member name="M:Drivers.Compiler.Architectures.x86.StackSwitch.Convert(Drivers.Compiler.IL.ILConversionState,Drivers.Compiler.IL.ILOp)">
            <summary>
            See base class documentation.
            </summary>
            <param name="theOp">See base class documentation.</param>
            <param name="conversionState">See base class documentation.</param>
            <returns>See base class documentation.</returns>
        </member>
        <member name="T:Drivers.Compiler.Architectures.x86.Starg">
            <summary>
            See base class documentation.
            </summary>
        </member>
        <member name="M:Drivers.Compiler.Architectures.x86.Starg.Convert(Drivers.Compiler.IL.ILConversionState,Drivers.Compiler.IL.ILOp)">
            <summary>
            See base class documentation.
            <para>To Do's:</para>
            <list type="bullet">
            <item>
            <term>To do</term>
            <description>Implement storing of float arguments.</description>
            </item>
            </list>
            </summary>
            <param name="theOp">See base class documentation.</param>
            <param name="conversionState">See base class documentation.</param>
            <returns>See base class documentation.</returns>
            <exception cref="T:System.NotImplementedException">
            Thrown when storing a float argument is required as it currently hasn't been
            implemented.
            </exception>
            <exception cref="T:System.ArgumentException">
            Thrown when an invalid number of bytes is specified for the argument to store.
            </exception>
        </member>
        <member name="T:Drivers.Compiler.Architectures.x86.Stelem">
            <summary>
            See base class documentation.
            </summary>
        </member>
        <member name="M:Drivers.Compiler.Architectures.x86.Stelem.Convert(Drivers.Compiler.IL.ILConversionState,Drivers.Compiler.IL.ILOp)">
            <summary>
            See base class documentation.
            </summary>
            <param name="theOp">See base class documentation.</param>
            <param name="conversionState">See base class documentation.</param>
            <returns>See base class documentation.</returns>
            <exception cref="T:System.NotSupportedException">
            Thrown if constant is a floating point number.
            </exception>
        </member>
        <member name="T:Drivers.Compiler.Architectures.x86.Stfld">
            <summary>
            See base class documentation.
            </summary>
        </member>
        <member name="M:Drivers.Compiler.Architectures.x86.Stfld.Convert(Drivers.Compiler.IL.ILConversionState,Drivers.Compiler.IL.ILOp)">
            <summary>
            See base class documentation.
            </summary>
            <param name="theOp">See base class documentation.</param>
            <param name="conversionState">See base class documentation.</param>
            <returns>See base class documentation.</returns>
            <exception cref="T:System.NotSupportedException">
            Thrown if the value to store is floating point or
            if the value is not 4 or 8 bytes in size.
            </exception>
        </member>
        <member name="T:Drivers.Compiler.Architectures.x86.Stind">
            <summary>
            See base class documentation.
            </summary>
        </member>
        <member name="M:Drivers.Compiler.Architectures.x86.Stind.Convert(Drivers.Compiler.IL.ILConversionState,Drivers.Compiler.IL.ILOp)">
            <summary>
            See base class documentation.
            </summary>
            <param name="theOp">See base class documentation.</param>
            <param name="conversionState">See base class documentation.</param>
            <returns>See base class documentation.</returns>
            <exception cref="T:System.NotSupportedException">
            Thrown if the value to store is floating point.
            </exception>
            <exception cref="T:System.NotImplementedException">
            Thrown if the op is 'StIndRef'.
            </exception>
        </member>
        <member name="T:Drivers.Compiler.Architectures.x86.Stloc">
            <summary>
            See base class documentation.
            </summary>
        </member>
        <member name="M:Drivers.Compiler.Architectures.x86.Stloc.Convert(Drivers.Compiler.IL.ILConversionState,Drivers.Compiler.IL.ILOp)">
            <summary>
            See base class documentation.
            </summary>
            <param name="theOp">See base class documentation.</param>
            <param name="conversionState">See base class documentation.</param>
            <returns>See base class documentation.</returns>
            <exception cref="T:System.NotSupportedException">
            Thrown if the value to store is floating point.
            </exception>
        </member>
        <member name="T:Drivers.Compiler.Architectures.x86.Stsfld">
            <summary>
            See base class documentation.
            </summary>
        </member>
        <member name="M:Drivers.Compiler.Architectures.x86.Stsfld.Convert(Drivers.Compiler.IL.ILConversionState,Drivers.Compiler.IL.ILOp)">
            <summary>
            See base class documentation.
            </summary>
            <param name="theOp">See base class documentation.</param>
            <param name="conversionState">See base class documentation.</param>
            <returns>See base class documentation.</returns>
            <exception cref="T:System.NotSupportedException">
            Thrown if the value to store is floating point.
            </exception>
        </member>
        <member name="T:Drivers.Compiler.Architectures.x86.Sub">
            <summary>
            See base class documentation.
            </summary>
        </member>
        <member name="M:Drivers.Compiler.Architectures.x86.Sub.Convert(Drivers.Compiler.IL.ILConversionState,Drivers.Compiler.IL.ILOp)">
            <summary>
            See base class documentation.
            </summary>
            <param name="theOp">See base class documentation.</param>
            <param name="conversionState">See base class documentation.</param>
            <returns>See base class documentation.</returns>
            <exception cref="T:System.NotSupportedException">
            Thrown if the either of the values to add are floating point.
            </exception>
            <exception cref="T:System.InvalidOperationException">
            Thrown if the either of the values to add are less than 4 bytes in size
            or if they are of different sizes.
            </exception>
        </member>
        <member name="T:Drivers.Compiler.Architectures.x86.Switch">
            <summary>
            See base class documentation.
            </summary>
        </member>
        <member name="M:Drivers.Compiler.Architectures.x86.Switch.Convert(Drivers.Compiler.IL.ILConversionState,Drivers.Compiler.IL.ILOp)">
            <summary>
            See base class documentation.
            </summary>
            <param name="theOp">See base class documentation.</param>
            <param name="conversionState">See base class documentation.</param>
            <returns>See base class documentation.</returns>
            <exception cref="T:System.NotSupportedException">
            Thrown if divide operands are floating point numbers or if attempting to divide 64-bit numbers.
            </exception>
            <exception cref="T:System.InvalidOperationException">
            Thrown if either operand is &lt; 4 bytes long.
            </exception>
        </member>
        <member name="T:Drivers.Compiler.Architectures.x86.Xor">
            <summary>
            See base class documentation.
            </summary>
        </member>
        <member name="M:Drivers.Compiler.Architectures.x86.LibraryFunctions.ExecuteAssemblyCodeCompiler(System.String,System.String,Drivers.Compiler.VoidDelegate,System.Object)">
            <summary>
            Executes NASM on the output file. It is assumed the output file now exists.
            </summary>
            <param name="inputFilePath">Path to the ASM file to process.</param>
            <param name="outputFilePath">Path to output the object file to.</param>
            <param name="OnComplete">Handler to call once NASM has completed. Default: null.</param>
            <param name="state">The state object to use when calling the OnComplete handler. Default: null.</param>
            <returns>True if execution completed successfully. Otherwise false.</returns>
        </member>
    </members>
</doc>
